{
  "project_info": {
    "project_number": "711410764683",
    "project_id": "bagsakancc",
    "storage_bucket": "bagsakancc.firebasestorage.app"
  },
  "client": [
    {
      "client_info": {
        "mobilesdk_app_id": "1:711410764683:android:ac20a661c0563eefca7d8e",
        "android_client_info": {
          "package_name": "com.mycompany.bagsakancc"
        }
      },
      "oauth_client": [],
      "api_key": [
        {
          "current_key": "AIzaSyAuFHbG0ZfqM1QTdUZT4KodcT6alH5bU6I"
        }
      ],
      "services": {
        "appinvite_service": {
          "other_platform_oauth_client": []
        }
      }
    },
    {
      "client_info": {
        "mobilesdk_app_id": "1:711410764683:android:bbcbb1be0785d197ca7d8e",
        "android_client_info": {
          "package_name": "com.mycompany.documentuploader"
        }
      },
      "oauth_client": [],
      "api_key": [
        {
          "current_key": "AIzaSyAuFHbG0ZfqM1QTdUZT4KodcT6alH5bU6I"
        }
      ],
      "services": {
        "appinvite_service": {
          "other_platform_oauth_client": []
        }
      }
    }
  ],
  "configuration_version": "1"
}